,Apple,Microsoft,inflation
Apple,1.0,0.44141458203977263,0.02057202317139636
Microsoft,0.44141458203977263,1.0,-0.13636889779818112
inflation,0.02057202317139636,-0.13636889779818112,1.0
